Išnuomojamas 2 kambarių butas Kaune;https://s.elenta.lt/items/isnuomojamas-2-kambariu-butas-kaune-kaune-1920x1440-1-1253730-thumb.jpg;400 €;Kaunas, Šiaurės pr.;Išnuomojamas 2 kambarių butas ilgam laikui tvarkingai porai - šeimai be augintinių. Butas randasi strategiškai labai patogioje vietoje. Puikus susisiekimas. PC maxima, Norfa, iki. Prie namo parkingas dėl to visada rasite ...
BUTO NUOMA 40M2 / PUSANTRINIS;https://s.elenta.lt/items/buto-nuoma-40m2-pusantrinis-kauno-rajone-999x1582-1-1116448-thumb.jpg;450 €;Kauno raj., JONUČIAI II;BUTO NUOMA 40M2 / PUSANTRINIS sutvarkyta aplinka, mini vaikų darželis, krepšinio, futbolo ir tinklinio aikštelės, vaikų žaidimo aikštelė, supynės. -Rakinama laiptinė -Šlagbaumas įvažiuojant į teritoriją -Stipri bendrija ...
Parduodamas 2k.butas;https://s.elenta.lt/items/parduodamas-2k-butas-klaipedoje-691x287-1-1253498-thumb.jpg;74 000 €;Klaipėda, Naujakiemio g.;Gera galimybė įsikurti savo svajonių namus.Parduodamas geroje lokacijoje 2k.butas 47kv.m. 5/1aukšte, Naujakiemio g. Bute du atskiri kambariai, prieškambaris, wc ir vonia atskirai, virtuvė. Visame bute plastikiniai langai ...
Parduodamas tvarkingas 1k.butas;https://s.elenta.lt/items/parduodamas-tvarkingas-1k-butas-klaipedoje-1200x900-1-1236124-thumb.jpg;66 500 €;Klaipėda, Naujakiemio g.;Parduodamas 1kamb butas Naujakiemio g. 21 name su visais baldais ir buitine technika. Namas randasi arti Taikos pr. Šalia "Naujasis turgus", viešojo transporto stotelės, medicinos centras, vaikų darželiai ir mokyklos ...
Ragainės g.parduodamas 2k.butas;https://s.elenta.lt/items/ragaines-g-parduodamas-2k-butas-klaipedoje-960x1280-7-1252467-thumb.jpg;117 000 €;Klaipėda, Ragainės g.;Saulės butuose naujame išvystytame kvartale parduodamas saulėtas ir jaukus 2kamb.butas, 42kv.m. 4/4aukšte.Ragainės g. Bute svetainė sujungta su virtuvės erdve, iš svetainės papulsite į atvirą balkonėlį, miegamasis ...
Gedminų g.parduodamas 2k.butas;https://s.elenta.lt/items/gedminu-g-parduodamas-2k-butas-klaipedoje-394x525-2-1252545-thumb.jpg;75 990 €;Klaipėda, Gedminų g.;Gedminų g. parduodamas 2kamb.butas, 49kv.m.9/6aukšte. Bute du atskiri kambariai, virtuvės erdvė, prieškambaris, vonia kartu su wc. Įstiklintas balkonas.Visi langai plastikiniai,vakarinėje pusėje. Butas šiltas,nekampinis ...
Baltijos pr.po remonto 2k.butas;https://s.elenta.lt/items/baltijos-pr-po-remonto-2k-butas-klaipedoje-1080x1429-1-1252750-thumb.jpg;95 000 €;Klaipėda, Baltijos pr.91;Baltijos pr. arčiau Taikos pr.parduodamas 2kamb.butas, 47kv.m.5/4aukšte. Šiuo metu butas remontuojamas, yra galimybė rinktis interjerą ir spalvas pagal savo skonį. Butas nekampinis, langai į skirtinkas puses, vakarų ir ...
Išskirtinis butas su atvira 107kv.m.terasa;https://s.elenta.lt/items/isskirtinis-butas-su-atvira-107kv-m-terasa-klaipedoje-4352x3376-10-1157527-thumb.jpg;340 000 €;Klaipėda, Minijos g.;Ieškantiems išskirtinumo ir vertinantiems kokybę, vienintelis, išskirtinis butas Klaipėdoje, su butui priklausančia atvira 107kv.m. panoramine terasa. Iš jos galėsite matyti ir grožėtis įspūdingais gamtos vaizdais. Šiame ...
Žolynų g.parduodamas 3k.butas;https://s.elenta.lt/items/zolynu-g-parduodamas-3k-butas-klaipedoje-700x524-6-1157977-thumb.jpg;145 000 €;Klaipėda, Žolynų g.;Žolynų” kvartale PARDUODAMAS pilnai įrengtas 3-jų kambarių butas. 63,73kv.m. 5/1a. Butas šviesus ir šiltas. Langai orientuoti į rytus. Butas kampinis, sienos apšildintos. Erdvi svetainė su virtuve ir atviru balkonu, du ...
Centre parduodamas 2k.butas;https://s.elenta.lt/items/centre-parduodamas-2k-butas-klaipedos-rajone-3486x2954-1-1183862-thumb.jpg;125 000 €;Klaipėdos raj., S.Daukanto g.;Miesto centre S .Daukanto g.parduodamas 2k.butas 44kv.m. 2/1aukštas. Bute šviesus miegamasis,langai išeina į šiaurės pusę, virtuvė sujungta su kambariu, langai pietų pusėje.Vonios kamb.+ prieškambaris.Bute yra įmontuotas ...
Isnuomoju merginai kambary;https://s.elenta.lt/items/na-2.jpg;0;Nenurodyta;Apgyvendinciau,suteikciau merginai(gali buti ir dvi) nauja,grazu,jauku kambary paciame miesto prestiziniam centre.Su tv,muzikos centru ir duso kabina,virtuve su visa naujausia iranga. Reikalinga svelni mergina kuri ...
Parduodamas 64 kv.m. 2 kambarių Butas miesto centre Taikos pr.;https://s.elenta.lt/items/parduodamas-64-kv-m-2-kambariu-butas-miesto-centre-taikos-pr-klaipedoje-707x833-1-1251988-thumb.jpg;159 000 €;Klaipėda, Taikos pr. 4A;Parduodamas 64 kv.m. 2 kambarių butas su baldais ir buitine technika miesto centre Taikos pr.  10/12. Puikus susisiekimas miesto transportu, greta vaikų darželis, turgus, senamiestis, Jono kalnelis, Kultūros fabrikas ...
Išnuomojamas 2 kambarių butas Kaune;https://s.elenta.lt/items/isnuomojamas-2-kambariu-butas-kaune-kaune-1920x1440-1-1251793-thumb.jpg;400 €;Kaunas, Eiguliai  Šiaurės pr.;Išnuomojamas 2 kambarių butas Kaune ilgam laikui tvarkingai porai - šeimai.  Prie namo parkingas dėl to visada rasite kur pastatyti automobilį. Namas po renovacijos. Namas šiuolaikiško dizaino A++ klasės, minimalūs ...
Parduodamas 26 kv.m. Butas Šventojoje Mokyklos g.;https://s.elenta.lt/items/parduodamas-26-kv-m-butas-sventojoje-mokyklos-g-palangoje-1920x1281-8-1250831-thumb.jpg;70 000 €;Palanga, Šventoji Mokyklos g.;Parduodamas 26 kv.m. Butas Šventojoje Mokyklos g. Kaina 70 000 eu.  Parduodamų Butų kainos nuo 1700 eur/kv. Plotai nuo 23 kv.m., iki 67 kv.m. Rekonstruotame keturių aukštų pastate. Jau šiuo metu yra įrengti gyventi ...
Patogiai perplanuotas butas Šiauliuose, Dainų g.;https://s.elenta.lt/items/patogiai-perplanuotas-butas-siauliuose-dainu-g-siauliuose-1280x960-8-1250786-thumb.jpg;78 000 €;Šiauliai, Šiauliuose Dainų g.;Patogiai perplanuotas butas Šiauliuose, Dainų g.  Metai: 1980 m. Aukštas: 2 iš 5 Kambarių skaičius: 2 (52,15 kv. m) Šildymas: centrinis Priklauso rūsys.  + Virtuvė sujungta su svetaine. + Langai į parką ir gatvę. + Nauji ...
SKUBIAI Parduodamas 2 k butas Utenoje;https://s.elenta.lt/items/skubiai-parduodamas-2-k-butas-utenoje-utenoje-1201x824-1-1222129-thumb.jpg;65 000 €;Utena;SKUBIAI Parduodamas 2 k butas Utenoje Aukštaičių g. 1 *53.45kv. butas su balkonu  *3/4aukštas, *1994m statybos, *Paliekami baldai, *Yra du rusiai atskiri, 28.01 bendro ploto. Geri, sausi. Tame paciame pastate. *Didelė ...
4 KAMB. BUTAS PALANGA;https://s.elenta.lt/items/4-kamb-butas-palanga-palangoje-4032x3024-1-1078105-thumb.jpg;199 000 €;Palanga, Šventoji;Šventojoje, sparčiai besivystančiame pajūrio kurorte, Pušyno g. parduodamas pilnai įrengtas 86.20kv.m jaukus ir erdvus keturių kambarių butas su židiniu ir 16.72 kv.m rūsiu. Parduodamas su visais baldais ir buitine ...
Erdvus butas renovuotame name Birštone;https://s.elenta.lt/items/erdvus-butas-renovuotame-name-birstone-birstone-1280x960-1-1213572-thumb.jpg;39 000 €;Birštonas;Parduodamas erdvus butas renovuotame name Birštone Vienkiemio g. 3, Labai graži vieta- netoli Nemunas, Birštono vienkiemio parkas, piliakalnis, Kneipo sodas, sanatorijja Versmė, sporto centro stadionas, žygiai žirgais ...
1.5 kambario butas Marijampolėje;https://s.elenta.lt/items/1-5-kambario-butas-marijampoleje-marijampoleje-1280x960-1-1217601-thumb.jpg;19 999 €;Marijampolė;Parduodamas 1.5 kambario butas Marijampolėje Beržų g. 19 33.22 kv. m. buto 1 aukšte!  Butas bendrabučio tipo daugiabutyje, tačiau su visais patogumais bute Nauja el. viryklė, nauji vamzdynai Paliekami baldai- sekcija ...
2 k.butas Šakių r. Griškabūdžio m.;https://s.elenta.lt/items/2-k-butas-sakiu-r-griskabudzio-m-sakiu-rajone-1280x960-1-1186086-thumb.jpg;12 900 €;Šakių raj., Griškabūdžio m;Parduodamas 2 k.butas Šakių r. Griškabūdžio m. Rygliškių g   Netoli už 300m mokykla, darželis, parduotuvė, vaistinė, biblioteka, bažnyčia, ambulatorija   BENDRA INFORMACIJA: • Šakių r. Griškabūdžio m. Rygliškių g 17 ...
2 kambarių butas Klaipėdos raj;https://s.elenta.lt/items/2-kambariu-butas-klaipedos-raj-klaipedos-rajone-960x720-1-1155414-thumb.jpg;14 500 €;Klaipėdos raj., Girininkai;Parduodamas 2 kambarių butas Klaipėdos rajone. Strategiškai labai patogi vieta gyventi – Iki Gargždų miesto 14km, iki Klaipėdos – 25km. Yra galimybė įsigyti 7a žemės šalia namo. Adresas – Klaipėdos r. sav., Vėžaičių sen ...
Šventojoje parduodamas 2 kambarių 55 kv.m. Butas su TERASA Mokyklos g. 1 aukštas;https://s.elenta.lt/items/sventojoje-parduodamas-2-kambariu-55-kv-m-butas-su-terasa-mokyklos-g-1-aukstas-1440x1920-2-1250586-thumb.jpg;125 000 €;Palanga, Šventoji Mokyklos g.;Šventojoje parduodamas 2 kambarių 55 kv.m. Butas su TERASA Mokyklos g. Pirmas aukštas, du įėjimai, butas naujai remontuojamas. Langai į vakarų puse. Kaina 125 000 Eu.  Agentūros mokestis sėkmės atveju. Daugiau pasiūlymu ...
Nuoma;https://s.elenta.lt/items/na-2.jpg;50 €;Vilnius, Vilnius seskines raj;V 57m moterei gyvenamoji vieta
1K. BUTAS KLAIPĖDOJE;https://s.elenta.lt/items/1k-butas-klaipedoje-klaipedoje-480x640-1-1238997-thumb.jpg;350 €;Klaipėda, Kretingos, Klaipėda;IŠNUOM. PIGIAI  IŠLAIKOMAS RENOVUOTAME NAME SUREMONTUOTAS 1KAMBARIO BUTAS SU BALDAIS, NAUJA BUITINE TECHNIKA  KLAIPĖDOS M. ŠIAUR. CENTRINĖJE DALYJE . Netoli Universiteto, LCC Tarptautinio Universiteto, Autobusų Ir ...
Visagino m. centre prie fontano;https://s.elenta.lt/items/visagino-m-centre-prie-fontano-visagine-1440x1920-1-1238904-thumb.jpg;55 000 €;Visaginas, Sedulinos al.;Visagino miesto centre,  prestižinėje Visagino miesto vietoje, parduodamas 3-jų kambarių 59 kv.m. butas. Butas randasi geltonų plytų mūrinio namo  4-ame aukšte su vaizdu į kiemą ir į Sedulinos alėją, po kurios ...
Radviliškio r. Baisogalos k., Maironio g.;https://s.elenta.lt/items/radviliskio-r-baisogalos-k-maironio-g-radviliskio-rajone-1280x960-5-1238886-thumb.jpg;24 900 €;Radviliškio raj., Radviliškio r. Baisogalos k., Maironio g.;Radviliškio r. Baisogalos k., Maironio g.  Bute atliktas kapitalinis remontas.  Plotas: 68,91 kv. m (3 kambariai). Metai: 1987 m. Tipas: mūrinis Šildymas, centrinis+židinys Vanduo, centrinis+boileriu šildomas  + Buto ...
Parduodu 2 k butą Utenoje;https://s.elenta.lt/items/na-2.jpg;1 €;Utena, Aukštakalnis;Parduodu 2 k. butą Utenoje Aukštakalnio g. namas mūrinis 5 aukštų, butas 5 aukšte.
Parduodamas 3k butas;https://s.elenta.lt/items/parduodamas-3k-butas-akmenes-rajone-1440x1920-1-1238407-thumb.jpg;24 000 €;Akmenės raj., Papiles miestelis;Parduodamas 3k butas, erdvus, reikalingas remontas,priklauso sklepas kiemas asfaltuotas yra balkonas
Nuoma;https://s.elenta.lt/items/na-2.jpg;200 €;Ukmergė;IŠINUOMOČIAU NAMĄ PUSĘ NAMO AR SODO NAMELĮ.
WWW.NAMAITENERIFEJE.LT;https://s.elenta.lt/items/www-namaitenerifeje-lt-vilniuje-1070x697-1-1237729-thumb.jpg;535 000 €;Vilnius;Įsigykite išskirtinį 3 miegamųjų apartamentą „Balcon de Los Gigantes“ su įspūdingais uolų ir vandenyno vaizdais! Šiuolaikiško dizaino apartamentai su viskuo, ko gali prireikti patogiam gyvenimui. Čia rasite erdvią ...
Parduodamas dviejų kambarių butas Akmenėje Klykolių g. 3-1;https://s.elenta.lt/items/na-2.jpg;16 000 €;Akmenė, Klykolių 3-1;Namas plytinis, po renovacijos, dviejų aukštų, name aštuoni butai, dviejų kambarių butas 41,57 kv. m. yra pirmame aukšte, remontuotinas, vienas kambarys pereinamas, butas šildomas kietu kuru, kambariuose ketaus ...
Parduodu butas;https://s.elenta.lt/items/parduodu-butas-akmenes-rajone-1440x1920-1-1234867-thumb.jpg;14 000 €;Akmenės raj., Žalgirio gatve, 25;ПРОДАЮ 2-комнатную квартиру в г.Науйойи Акмене, Шяуляйского района, - 15.000 €.  Дом кирпичный, 3-этажный,12 квартир в доме, квартира находится на 1 этаже. В доме заканчивается реновация. В доме живут только в 5 ...
Butas;https://s.elenta.lt/items/butas-vilkaviskyje-1440x1920-1-1232477-thumb.jpg;3 600 €;Vilkaviškis, Kybartai janonio g;2kambariu butas reikalingas kapitalinis remontas daugiau info telefonu
Parduodamas dviejų kambarių butas;https://s.elenta.lt/items/na-2.jpg;16 000 €;Akmenė, KLYKOLIŲ G. 3-1;Namas plytinis, dviejų aukštų, renovuotas, name aštuoni butai, dviejų kambarių butas 41,57 kv. m. yra pirmame aukšte, remontuotinas, vienas kambarys pereinamas, butas šildomas kietu kuru, kambariuose ketaus radiatoriai ...
PIGIAI IŠLAIKOMAS ATSKIRU ĮĖJIMU BUTAS;https://s.elenta.lt/items/pigiai-islaikomas-atskiru-iejimu-butas-klaipedoje-1440x1920-1-1229590-thumb.jpg;19 500 €;Klaipėda;SKUBIAI PARDUODAMAS 1 KAMBARIO NEDIDELIS BUTAS ŠILDOMAS KROSNIMI.YRA ATSKIRAS ĮĖJIMAS IŠ GATVĖS TIK Į TĄ BUTĄ,ŠALTAS VANDUO,WC IR KRIAUKLĖ,REIKIA PASIREMONTUOTI.BUTAS YRA 14 KILOMETRŲ NUO KLAIPĖDOS MIESTELYJE NETOLI ...
PILNAI RENOVUOTO NAMO TREČIAME AUKŠTE PARDUODAMAS TVARKINGAS 2 KAMBARIŲ BUTAS NAUJOSIOS AKMENĖS MIESTE;https://s.elenta.lt/items/pilnai-renovuoto-namo-treciame-aukste-parduodamas-tvarkingas-2-kambariu-butas-nau-1694x1920-1-1229446-thumb.jpg;17 000 €;Akmenė, NAUJOJI AKMENĖ;PILNAI RENOVUOTO NAMO TREČIAME AUKŠTE PARDUODAMAS TVARKINGAS 2 KAMBARIŲ BUTAS NAUJOSIOS AKMENĖS MIESTE ...
NAUJOSIOS AKMENĖS MIESTE PARDUODAMAS SUREMONTUOTAS 3 KAMBARIŲ BUTAS;https://s.elenta.lt/items/naujosios-akmenes-mieste-parduodamas-suremontuotas-3-kambariu-butas-akmeneje-5120x3840-1-1145648-thumb.jpg;33 000 €;Akmenė, NAUJOJI AKMENĖ;NAUJOSIOS AKMENĖS MIESTE PARDUODAMAS SUREMONTUOTAS 3 KAMBARIŲ BUTAS.  Butas šalia beržyno, paskutinėje namo laiptinėje- atvažiavai ir pro tavo laiptinę niekas nevažinės. Prie pat laiptinės erdvi automobilių stovėjimo ...
Parduodami du 2 kambarių butai Panevėžio g. 25b Klaipėda 49 kv.m. Šviesus;https://s.elenta.lt/items/parduodami-du-2-kambariu-butai-panevezio-g-25b-klaipeda-49-kv-m-sviesus-klaiped-1200x721-1-1226228-thumb.jpg;130 000 €;Klaipėda, Panevėžio g. 25b;Parduodami du 2 kambarių butai Panevėžio g. 25b Klaipėda 49 kv.m. Šviesus, erdvus, autonominis šildymas. Šalia Danės upė, dviračių takas, lauko treniruokliai, vaikų žaidimų aikštelės. Čia pat darželiai, mokyklos. Vieno ...
Išsinuomoti 1 kambari Vilniuje;https://s.elenta.lt/items/na-2.jpg;150 €;Vilnius;37m tvarkinga, dirbanti mergina, noretu issinuomoti kambari. Galėčiau moketi 150 eu i menesi, taip pat iskart sumoketi 150 i prieki ir aišku komunalines. Tel num 864540723
Nedidelis sandėliukas jūsų daiktams, kurie netelpa į nuomojamą butą;https://s.elenta.lt/items/nedidelis-sandeliukas-jusu-daiktams-kurie-netelpa-i-nuomojama-buta-kaune-900x600-9-825366-thumb.jpg;17 €;Kaunas, Jonavos g. 262;KADA JUMS GALI PRAVERSTI SANDĖLIUKO NUOMA? Rekomenduojame išsinuomuoti vieną iš daiktų saugojimo sandėliukų, jeigu: * Kraustotės * Ruošiatės remontui * Išvykstate ilgesniam laikotarpiui * Persikeliate į nuomuojamą būstą ...
Liaudies g. 7 Kėdainiai;https://s.elenta.lt/items/liaudies-g-7-kedainiai-kedainiuose-1280x960-1-1222706-thumb.jpg;45 500 €;Kėdainiai, liaudies g. 7;Liaudies g. 7 Kėdainiai  Tvarkingas ir jaukus 2 kambarių butas (49,61 m²) 4 aukšte iš 5, blokinio tipo name, 1990 m. Butas pilnai įrengtas. Priklauso tvarkingas, rakinamas rūsys  Ramioje vietoje, toliau nuo gatvių ...
Erdvus 4 k. butas Šilainiuose, Kaune su autonominiu dujiniu šildymu;https://s.elenta.lt/items/erdvus-4-k-butas-silainiuose-kaune-su-autonominiu-dujiniu-sildymu-kaune-1200x900-5-1221555-thumb.jpg;127 000 €;Kaunas, Kuršių g. 58;UNIKALI GALIMYBĖ GYVENTI YPAČ PATOGIAI !!!  4 KAMBARIŲ BUTAS SU AUTONOMINIU DUJINIU ŠILDYMU ŠILAINIUOSE  Gyvenkite patogiai puikiai išvystytame Šilainių mikrorajone Kaune, visai šalia Sargėnų dvaro istorinio parko ...
Išnuomoju kambarį Kauno c -160Eu/mėn. Galiu deklaruoti gyvenamą vietą;https://s.elenta.lt/items/isnuomoju-kambari-kauno-c-160eu-men-galiu-deklaruoti-gyvenama-vieta-kaune-3472x3472-1-1219481-thumb.jpg;160 €;Kaunas, Gedimino;Ilgesniam laikui išnuomoju rakinamą kambarį su baldais ir nepriklausomu įėjimu Gedimino g tarp Akropolio ir Soboro 3 kambarių tvarkingame bute su visa reikalinga buitine technika. Uždaras kiemas su stebėjimo kameromis ir ...
Išnuomoju kambarį Kauno centre 160Eu/mėn. Deklaruoju;https://s.elenta.lt/items/isnuomoju-kambari-kauno-centre-160eu-men-deklaruoju-kaune-3472x3472-1-1219470-thumb.jpg;160 €;Kaunas, Gedimino;Ilgesniam laikui išnuomojamas rakinamas kambarys su baldais, nepriklausomu įėjimu Gedimino g tarp Akropolio ir Soboro 3 kambarių tvarkingame bute su visa reikalinga buitine technika. Uždaras kiemas su stebėjimo kameromis ...
Parduodu dvejų kambariu butą;https://s.elenta.lt/items/parduodu-dveju-kambariu-buta-klaipedoje-4032x3024-1-1160027-thumb.jpg;100 000 €;Klaipėda, Kretingos gatve;Parduoda savininkas, 2-jų kambarių butas, šviesus butas, puikus vaizdas pro langus.
Trumpalaikė Nuoma(1-2val.(22-25eu);https://s.elenta.lt/items/trumpalaike-nuoma1-2val-22-25eu-kaune-1440x2560-1-1007072-thumb.jpg;25 €;Kaunas, Šiaurės pr.;TRUMPALAIKĖ 1k. Naujai įrengtų BUTŲ nuoma//  1-2val.22-25eu 3v -4v. 28-30eu Kiekviena papildoma valanda +5eu NAKTIS nuo 20val.iki 10 val.40eu. iki11 val 45eu.    VIETOS :Šiaurės pr.(šalia "Norfos)" Žukausko g,(prie "Šilo ...
Trumpalaikė nuoma;https://s.elenta.lt/items/trumpalaike-nuoma-panevezyje-4640x3472-10-624092-thumb.jpg;7 €;Panevėžys, Įstro 1;Siūlome trumpalaikio apgyvendinimo paslaugas Panevėžyje. Kaina parai nuo 5€ iki 25€. Atskiri tvarkingi ir erdvūs kambariai, pritaikyti 1/4 žmonėms po 12m²/20m² Bendras plotas 220 kvadratinių metrų. Yra visi reikalingi ...
Isnuomojamas1kamb.butas;https://s.elenta.lt/items/na-2.jpg;230 €;Klaipėda, Laukininkai;Isnuomojamas 1kamb.butas 34kv.m.Klaipedoje,kaina230e/men+komunalinai mokesciai
PARDUODAMAS DVIEJŲ KAMBARIŲ BUTAS  AKMENĖJE 1 aukšte.;https://s.elenta.lt/items/na-2.jpg;20 000 €;Akmenė, K. Kasakausko 20-1;Akmenės centre, K. Kasakausko g. 20 parduodamas dviejų kambarių butas. Bendras plotas 41,90 kv. m.  Langai plastikiniai, durys šarvuotos, sienos tapetai, grindys laminatas. Namas ruošiamas renovacijai. Nurodyta pardavimo ...
Nidoje isnuomoju;https://s.elenta.lt/items/na-2.jpg;25 €;Neringa;Išnuomojami kambariai poilsiui nidoje
Darbuotojų Apgyvendinimo Paslaugos Panevėžyje;https://s.elenta.lt/items/darbuotoju-apgyvendinimo-paslaugos-panevezyje-panevezyje-4032x2268-1-614120-thumb.jpg;8 €;Panevėžys;Statybininkų ir kt. profesijų darbuotojų apgyvendinimas Panevėžyje, kambarių nuoma, nakvynė.  Kiekviename kambaryje yra televizorius, šaldytuvas,  mikrobangų krosnelė.  Veikia internetinis ryšys. Yra virtuvė ir visi ...
SKUBIAI! ISNUOMOJAMAS 3 K. BUTAS ALYTAUS M. CENTRE;https://s.elenta.lt/items/na-2.jpg;180 €;Alytus, BAZNYCIOS G. 2- 11;SKUBIAI !  ISNUOMOJAMAS  3- JU KAMBARIU BUTAS ALYTUJE, MIESTO CENTRE. PO RENOVACIJOS, MAZI MOKESCIAI, DALINAI APSTATYTAS, KABELINE TV, INTERNETAS. TIK PASTOVU DARBA TURINTIEMS ! NUOMA MEN.- 150 SVARU ( MOKETI PRASYMAS ...
Parduodu butą;https://s.elenta.lt/items/na-2.jpg;47 000 €;Mažeikiai, Žemaitijos gatvė;Parduodamas tvarkingas 2-jų kam .but as Mažeikiuose l.geroje vietoje su daliniais baldais.0*****577730
Skubiai parduodami nauji butai Prienuose Kaunas 864509793;https://s.elenta.lt/items/na-2.jpg;1 €;Kaunas, Birutės gatvė;Skubiai parduodami nauji butai Prienuose Birutės gatvėje 2 aukšte dalinė apdaila šarvuotos durys plastikiniai langai kaina 68000 tūkstančiai eurų Kaunas 864509793 pagarbiai Elvidijus
Parduodamas 2 kambarių butas Panevėžio g. 25b Klaipėda;https://s.elenta.lt/items/parduodamas-2-kambariu-butas-panevezio-g-25b-klaipeda-klaipedoje-2576x1932-1-1210396-thumb.jpg;135 000 €;Klaipėda, Panevėžio g. 25b;Parduodamas 2 kambarių butas Panevėžio g. 25b Klaipėda 49 kv.m. Šviesus, erdvus, autonominis šildymas. Šalia Danės upė, dviračių takas, lauko treniruokliai, vaikų žaidimų aikštelės. Čia pat darželiai, mokyklos. Kaina 135 ...
Buto nuoma Kretingoje;https://s.elenta.lt/items/buto-nuoma-kretingoje-kretingoje-1024x768-2-880775-thumb.jpg;400 €;Kretinga;Šeimai išnuomoju tvarkingą 3 kamb. butą Kretingoje. Ilgalaikė nuoma.
Išnuomojamas 1kamb.butas su buitine technika,baldais Klaipėdos m.centre;https://s.elenta.lt/items/isnuomojamas-1kamb-butas-su-buitine-technika-baldais-klaipedos-m-centre-klaipedoj-960x1280-2-1083344-thumb.jpg;370 €;Klaipėda, Ąžuolų g. , Klaipėdos m.;Suremontuotas 1kambario butas Klaipėdos m.centrinėje šiaurinėje dalyje.Butas su nauja buitine technika,baldais,pigiai išlaikomas,su mažais mokesčiais, visiškai atskiru individualiai reguliuojamu šildymu, bei karšto ...
Parduodu butą;https://s.elenta.lt/items/parduodu-buta-zarasuose-4032x3024-4-1206545-thumb.jpg;36 000 €;Zarasai, Vytauto g.;Butas pačiame miesto centre, puikus susiekomas; Nauja virtuve, yra garantinis buitiniai technikai; Parduodama su baldais; Yra sandeliukas kieme; Prikluso rūsys; Galimybe įrengti palepę; Visada yra vieta automobiliui ...
Parduodamas butas Palmių g., Jungėnų k. Kalvarijos sav.;https://s.elenta.lt/items/parduodamas-butas-palmiu-g-jungenu-k-kalvarijos-sav-kalvarijoje-4032x3024-12-1206238-thumb.jpg;18 500 €;Kalvarija, Palmių g. 14, Jungėnų kaimas;PARDUODAMAS VIENO KAMBARIO BUTAS JUNGĖNŲ K.  Parduodamas vieno kambario, 16.87 kv.m butas Palmių gatvėje, Jungėnų k., Kalvarijos sav. Jungėnų kaimas – seniūnaitijos centras, esantis už 3 km nuo Kalvarijos, yra šalia ...
Nuoma SVENTOJOJE;https://s.elenta.lt/items/nuoma-sventojoje-palangoje-2048x1536-1-1203591-thumb.jpg;115 €;Palanga, mokyklos g 14;Nuomojamas 3 kambariu butas trumpalaikei nuomai, 700 metru iki Juros, salia centro, puikiai tinka seimos atostogoms. Del kainu prasau rasyti SMS arba skambinti.
Išnuomoju 2 kamb butą;https://s.elenta.lt/items/na-2.jpg;120 €;Mažeikiai;Šeimai išnuomoju 2 kamb butą. Skambinti.
